Abminga,SG5310,"(135,-26),(133.5,-27)"
Adavale,SG5505,"(145.5,-25),(144,-26)"
Adelaide SP,SI5409,"(139.5,-34),(138,-35)"
Ajana,SG5013,"(115.5,-27),(114,-28)"
Alberga,SG5309,"(133.5,-26),(132,-27)"
Alcoota,SF5310,"(135,-22),(133.5,-23)"
Alice Springs,SF5314,"(135,-23),(133.5,-24)"
Alligator River,SD5301,"(133.5,-12),(132,-13)"
Alroy,SE5315,"(136.5,-19),(135,-20)"
Ana Branch,SI5407,"(142.5,-33),(141,-34)"
Andamooka,SH5312,"(138,-30),(136.5,-31)"
Angledool,SH5507,"(148.5,-29),(147,-30)"
Anketell,SF5102,"(123,-20),(121.5,-21)"
Armidale SP,SH5610,"(153,-30),(151.5,-31)"
Ashton,SD5213,"(127.5,-15),(126,-15)"
Atherton,SE5505,"(145.5,-17),(144,-18)"
Augathella,SG5506,"(147,-25),(145.5,-26)"
Auvergne,SD5215,"(130.5,-15),(129,-15)"
Avon Downs,SF5304,"(138,-20),(136.5,-21)"
Ayr,SE5515,"(148.5,-19),(147,-20)"
Bairnsdale SP,SJ5507,"(148.5,-37),(147,-38)"
Balfour Downs,SF5109,"(121.5,-22),(120,-23)"
Balladonia,SI5103,"(124.5,-32),(123,-33)"
Ballarat,SJ5408,"(144,-37),(142.5,-38)"
Balranald,SI5412,"(144,-34),(142.5,-35)"
Baralaba,SG5504,"(150,-24),(148.5,-25)"
Barker,SI5413,"(139.5,-35),(138,-36)"
Barlee,SH5008,"(120,-29),(118.5,-30)"
Barnato,SH5513,"(145.5,-31),(144,-32)"
Barrolka,SG5411,"(142.5,-26),(141,-27)"
Barrow Creek,SF5306,"(135,-21),(133.5,-22)"
Barton,SH5309,"(133.5,-30),(132,-31)"
Bathurst,SI5508,"(150,-33),(148.5,-34)"
Bauhinia Downs,SE5303,"(136.5,-15),(135,-17)"
Bedourie,SG5401,"(139.5,-24),(138,-25)"
Beetaloo,SE5306,"(135,-17),(133.5,-18)"
Bega,SJ5504,"(150,-36),(148.5,-37)"
Belele,SG5011,"(118.5,-26),(117,-27)"
Bencubbin,SH5011,"(118.5,-30),(117,-31)"
Bendigo,SJ5501,"(145.5,-36),(144,-37)"
Bentley,SG5205,"(127.5,-25),(126,-26)"
Betoota,SG5406,"(141,-25),(139.5,-26)"
Billa Kalina,SH5307,"(136.5,-29),(135,-30)"
Billiluna,SE5214,"(129,-19),(127.5,-20)"
Birdsville,SG5405,"(139.5,-25),(138,-26)"
Birksgate,SG5215,"(130.5,-27),(129,-28)"
Birrindudu,SE5211,"(130.5,-18),(129,-19)"
Blackall,SG5501,"(145.5,-24),(144,-25)"
Bloods Range,SG5203,"(130.5,-24),(129,-25)"
Blue Mud Bay,SD5307,"(136.5,-13),(135,-14)"
Boigu,SC5407,"(142.5,-9),(141,-10)"
Bonney Well,SF5302,"(135,-20),(133.5,-21)"
Booligal,SI5505,"(145.5,-33),(144,-34)"
Boorabbin,SH5113,"(121.5,-31),(120,-32)"
Boulia,SF5410,"(141,-22),(139.5,-23)"
Bourke,SH5510,"(147,-30),(145.5,-31)"
Bowen,SF5503,"(148.5,-20),(147,-21)"
Bremer Bay,SI5012,"(120,-34),(118.5,-35)"
Brighton Downs,SF5415,"(142.5,-23),(141,-24)"
Brisbane SP,SG5615,"(154.5,-27),(153,-28)"
Broken Hill,SH5415,"(142.5,-31),(141,-32)"
Broome,SE5106,"(123,-17),(121.5,-18)"
Browne,SG5108,"(126,-25),(124.5,-26)"
Brunette Downs,SE5311,"(136.5,-18),(135,-19)"
Buchanan,SF5506,"(147,-21),(145.5,-22)"
Bullen,SG5101,"(121.5,-24),(120,-25)"
Bulloo,SH5404,"(144,-28),(142.5,-29)"
Bundaberg,SG5602,"(153,-24),(151.5,-25)"
Burketown,SE5406,"(141,-17),(139.5,-18)"
Burra,SI5405,"(139.5,-33),(138,-34)"
Busselton SP,SI5005,"(115.5,-33),(114,-34)"
Byro,SG5010,"(117,-26),(115.5,-27)"
Cairns,SE5502,"(147,-15),(145.5,-17)"
Callabonna,SH5406,"(141,-29),(139.5,-30)"
Calvert Hills,SE5308,"(138,-17),(136.5,-18)"
Cambridge Gulf,SD5214,"(129,-15),(127.5,-15)"
Camden Sound SP,SD5115,"(124.5,-15),(123,-15)"
Camooweal,SE5413,"(139.5,-19),(138,-20)"
Canberra,SI5516,"(150,-35),(148.5,-36)"
Canterbury,SG5407,"(142.5,-25),(141,-26)"
Cape Melville,SD5509,"(145.5,-14),(144,-15)"
Cape Scott SP,SD5207,"(130.5,-13),(129,-14)"
Cape Weymouth,SD5404,"(144,-12),(142.5,-13)"
Cape York,SC5412,"(144,-10),(142.5,-11)"
Cargelligo,SI5506,"(147,-33),(145.5,-34)"
Carnarvon SP,SG4904,"(114,-24),(112.5,-25)"
Charleville,SG5510,"(147,-26),(145.5,-27)"
Charnley,SE5104,"(126,-15),(124.5,-17)"
Charters Towers,SF5502,"(147,-20),(145.5,-21)"
Childara,SH5314,"(135,-31),(133.5,-32)"
Chinchilla,SG5609,"(151.5,-26),(150,-27)"
Chowilla,SI5406,"(141,-33),(139.5,-34)"
Cirrigin,SI5003,"(118.5,-32),(117,-33)"
Clarke River,SE5513,"(145.5,-19),(144,-20)"
Clermont,SF5511,"(148.5,-22),(147,-23)"
Cloncurry,SF5402,"(141,-20),(139.5,-21)"
Cobar,SH5514,"(147,-31),(145.5,-32)"
Cobb,SG5201,"(127.5,-24),(126,-25)"
Cobham Lake,SH5411,"(142.5,-30),(141,-31)"
Cobourg Peninsula SP,SC5313,"(133.5,-11),(132,-12)"
Coen,SD5408,"(144,-13),(142.5,-14)"
Colac,SJ5412,"(144,-38),(142.5,-39)"
Collie,SI5006,"(117,-33),(115.5,-34)"
Collier,SG5004,"(120,-24),(118.5,-25)"
Connemara,SG5403,"(142.5,-24),(141,-25)"
Coober Pedy,SH5306,"(135,-29),(133.5,-30)"
Cook,SH5211,"(130.5,-30),(129,-31)"
Cooktown,SD5513,"(145.5,-15),(144,-15)"
Coompana,SH5215,"(130.5,-31),(129,-32)"
Cooper,SG5210,"(129,-26),(127.5,-27)"
Cootamundra,SI5511,"(148.5,-34),(147,-35)"
Copley,SH5409,"(139.5,-30),(138,-31)"
Cordillo,SG5410,"(141,-26),(139.5,-27)"
Cornish,SF5201,"(127.5,-20),(126,-21)"
Crossland,SE5116,"(126,-19),(124.5,-20)"
Croydon,SE5411,"(142.5,-18),(141,-19)"
Cue,SG5015,"(118.5,-27),(117,-28)"
Culver,SI5104,"(126,-32),(124.5,-33)"
Cundeelee,SH5111,"(124.5,-30),(123,-31)"
Cunnamulla,SH5502,"(147,-28),(145.5,-29)"
Curdimurka,SH5308,"(138,-29),(136.5,-30)"
Curnamona,SH5414,"(141,-31),(139.5,-32)"
Dalby,SG5613,"(151.5,-27),(150,-28)"
Dalhousie,SG5311,"(136.5,-26),(135,-27)"
Daly Waters,SE5301,"(133.5,-15),(132,-17)"
Dampier SP,SF5002,"(117,-20),(115.5,-21)"
Daru,SC5408,"(144,-9),(142.5,-10)"
Darwin,SD5204,"(132,-12),(130.5,-13)"
Delamere,SD5216,"(132,-15),(130.5,-15)"
Deniliquin,SI5513,"(145.5,-35),(144,-36)"
Derby,SE5107,"(124.5,-17),(123,-18)"
Dirranbandi,SH5503,"(148.5,-28),(147,-29)"
Dixon Range,SE5206,"(129,-17),(127.5,-18)"
Dobbyn,SE5414,"(141,-19),(139.5,-20)"
Dongara,SH5005,"(115.5,-29),(114,-30)"
Donors Hill,SE5410,"(141,-18),(139.5,-19)"
Drysdale,SD5209,"(127.5,-14),(126,-15)"
Duaringa,SF5516,"(150,-23),(148.5,-24)"
Dubbo,SI5504,"(150,-32),(148.5,-33)"
Duchess,SF5406,"(141,-21),(139.5,-22)"
Duketon,SG5114,"(123,-27),(121.5,-28)"
Dumbleyung,SI5007,"(118.5,-33),(117,-34)"
Dummer,SF5104,"(126,-20),(124.5,-21)"
Durham Downs,SG5415,"(142.5,-27),(141,-28)"
Ebagoola,SD5412,"(144,-14),(142.5,-15)"
Eddystone,SG5507,"(148.5,-25),(147,-26)"
Edjudina,SH5106,"(123,-29),(121.5,-30)"
Edmund,SF5014,"(117,-23),(115.5,-24)"
Einasleigh,SE5509,"(145.5,-18),(144,-19)"
Elkedra,SF5307,"(136.5,-21),(135,-22)"
Elliston,SI5306,"(135,-33),(133.5,-34)"
Emerald,SF5515,"(148.5,-23),(147,-24)"
Enngonia,SH5506,"(147,-29),(145.5,-30)"
Eromanga,SG5412,"(144,-26),(142.5,-27)"
Esperance SP,SI5106,"(123,-33),(121.5,-34)"
Eucla SP,SH5214,"(129,-31),(127.5,-32)"
Eulo,SH5501,"(145.5,-28),(144,-29)"
Everard,SG5313,"(133.5,-27),(132,-28)"
Fergusson River,SD5212,"(132,-14),(130.5,-15)"
Finke,SG5306,"(135,-25),(133.5,-26)"
Forbes,SI5507,"(148.5,-33),(147,-34)"
Forrest,SH5210,"(129,-30),(127.5,-31)"
Fowler,SH5313,"(133.5,-31),(132,-32)"
Fraser Island SP,SG5603,"(154.5,-24),(153,-25)"
Frew River,SF5303,"(136.5,-20),(135,-21)"
Frome,SH5410,"(141,-30),(139.5,-31)"
Gairdner,SH5315,"(136.5,-31),(135,-32)"
Galbraith,SE5403,"(142.5,-15),(141,-17)"
Galilee,SF5510,"(147,-22),(145.5,-23)"
Galiwinku SP,SD5303,"(136.5,-12),(135,-13)"
Gason,SG5413,"(139.5,-27),(138,-28)"
Georgetown,SE5412,"(144,-18),(142.5,-19)"
Geraldton SP,SH5001,"(115.5,-28),(114,-29)"
Gilberton,SE5416,"(144,-19),(142.5,-20)"
Giles,SH5301,"(133.5,-28),(132,-29)"
Gilgandra,SH5516,"(150,-31),(148.5,-32)"
Glenburgh,SG5006,"(117,-25),(115.5,-26)"
Glengarry,SG5012,"(120,-26),(118.5,-27)"
Glenormiston,SF5409,"(139.5,-22),(138,-23)"
Goondiwindi,SH5601,"(151.5,-28),(150,-29)"
Gordon Downs,SE5210,"(129,-18),(127.5,-19)"
Goulburn,SI5512,"(150,-34),(148.5,-35)"
Gove Peninsula SP,SD5304,"(138,-12),(136.5,-13)"
Grafton,SH5606,"(153,-29),(151.5,-30)"
Green Swamp Well,SE5313,"(133.5,-19),(132,-20)"
Groote Eylandt SP,SD5308,"(138,-13),(136.5,-14)"
Gunanya,SF5114,"(123,-23),(121.5,-24)"
Gympie,SG5610,"(153,-26),(151.5,-27)"
Hale River,SG5303,"(136.5,-24),(135,-25)"
Hamilton SP,SJ5407,"(142.5,-37),(141,-38)"
Hann River,SD5416,"(144,-15),(142.5,-15)"
Hastings,SH5614,"(153,-31),(151.5,-32)"
Hay,SI5509,"(145.5,-34),(144,-35)"
Hay River,SF5316,"(138,-23),(136.5,-24)"
Helen Springs,SE5310,"(135,-18),(133.5,-19)"
Helena,SF5205,"(127.5,-21),(126,-22)"
Henbury,SG5301,"(133.5,-24),(132,-25)"
Herbert,SG5107,"(124.5,-25),(123,-26)"
Hermannsburg,SF5313,"(133.5,-23),(132,-24)"
Heron Island,SF5614,"(153,-23),(151.5,-24)"
Highland Rocks,SF5207,"(130.5,-21),(129,-22)"
Hill River,SH5009,"(115.5,-30),(114,-31)"
Hodgson Downs,SD5314,"(135,-15),(133.5,-15)"
Holroyd SP,SD5411,"(142.5,-14),(141,-15)"
Homeboin,SG5515,"(148.5,-27),(147,-28)"
Horsham,SJ5403,"(142.5,-36),(141,-37)"
Huckitta,SF5311,"(136.5,-22),(135,-23)"
Hughenden,SF5501,"(145.5,-20),(144,-21)"
Hyden,SI5004,"(120,-32),(118.5,-33)"
Illogwa Creek,SF5315,"(136.5,-23),(135,-24)"
Ingham,SE5510,"(147,-18),(145.5,-19)"
Innaminka,SG5414,"(141,-27),(139.5,-28)"
Innisfail,SE5506,"(147,-17),(145.5,-18)"
Inverell,SH5605,"(151.5,-29),(150,-30)"
Ipswich,SG5614,"(153,-27),(151.5,-28)"
Ivanhoe,SI5501,"(145.5,-32),(144,-33)"
Jackson,SH5012,"(120,-30),(118.5,-31)"
Jardine River,SC5415,"(142.5,-11),(141,-12)"
Jericho,SF5514,"(147,-23),(145.5,-24)"
Jerilderie,SI5514,"(147,-35),(145.5,-36)"
Joanna Spring,SF5103,"(124.5,-20),(123,-21)"
Jubilee,SH5205,"(127.5,-29),(126,-30)"
Julia Creek,SF5403,"(142.5,-20),(141,-21)"
Jundah,SG5404,"(144,-24),(142.5,-25)"
Kalgoorlie,SH5109,"(121.5,-30),(120,-31)"
Kangaroo Island SP,SI5316,"(138,-35),(136.5,-36)"
Katherine,SD5309,"(133.5,-14),(132,-15)"
Kellerberrin,SH5015,"(118.5,-31),(117,-32)"
Kennedy Range,SG5001,"(115.5,-24),(114,-25)"
Kimba,SI5307,"(136.5,-33),(135,-34)"
Kingoonya,SH5311,"(136.5,-30),(135,-31)"
Kingston,SG5110,"(123,-26),(121.5,-27)"
Kirkalocka,SH5003,"(118.5,-28),(117,-29)"
Kopperamanna,SH5401,"(139.5,-28),(138,-29)"
Kulgera,SG5305,"(133.5,-25),(132,-26)"
Kurnapli,SH5110,"(123,-30),(121.5,-31)"
Lagrange,SE5110,"(123,-18),(121.5,-19)"
Lake Amadeus,SG5204,"(132,-24),(130.5,-25)"
Lake Eyre,SH5304,"(138,-28),(136.5,-29)"
Lake Johnston,SI5101,"(121.5,-32),(120,-33)"
Lake Mackay,SF5211,"(130.5,-22),(129,-23)"
Lander River,SF5301,"(133.5,-20),(132,-21)"
Lansdowne,SE5205,"(127.5,-17),(126,-18)"
Larrimah,SD5313,"(133.5,-15),(132,-15)"
Laverton,SH5102,"(123,-28),(121.5,-29)"
Lawn Hill,SE5409,"(139.5,-18),(138,-19)"
Lennard River,SE5108,"(126,-17),(124.5,-18)"
Lennis,SG5213,"(127.5,-27),(126,-28)"
Leonora,SH5101,"(121.5,-28),(120,-29)"
Limbunya,SE5207,"(130.5,-17),(129,-18)"
Lincoln SP,SI5311,"(136.5,-34),(135,-35)"
Lindsay,SG5216,"(132,-27),(130.5,-28)"
Lismore SP,SH5607,"(154.5,-29),(153,-30)"
Lissadell,SE5202,"(129,-15),(127.5,-17)"
Londonderry,SD5205,"(127.5,-13),(126,-14)"
Longreach,SF5513,"(145.5,-23),(144,-24)"
Loongana,SH5209,"(127.5,-30),(126,-31)"
Louth,SH5509,"(145.5,-30),(144,-31)"
Lucas,SF5202,"(129,-20),(127.5,-21)"
Macdonald,SF5214,"(129,-23),(127.5,-24)"
Machattie,SG5402,"(141,-24),(139.5,-25)"
Mackay,SF5508,"(150,-21),(148.5,-22)"
Mackunda,SF5411,"(142.5,-22),(141,-23)"
Madley,SG5103,"(124.5,-24),(123,-25)"
Madura SP,SH5213,"(127.5,-31),(126,-32)"
Maer,SC5505,"(145.5,-9),(144,-10)"
Malcolm SP,SI5107,"(124.5,-33),(123,-34)"
Mallacoota,SJ5508,"(150,-37),(148.5,-38)"
Manara,SI5404,"(144,-32),(142.5,-33)"
Mandorah,SE5113,"(121.5,-19),(120,-20)"
Maneroo,SF5416,"(144,-23),(142.5,-24)"
Manila,SH5609,"(151.5,-30),(150,-31)"
Mann,SG5211,"(130.5,-26),(129,-27)"
Manuka,SF5408,"(144,-21),(142.5,-22)"
Marble Bar,SF5008,"(120,-21),(118.5,-22)"
Marree,SH5405,"(139.5,-29),(138,-30)"
Maryborough,SG5606,"(153,-25),(151.5,-26)"
Mason,SH5206,"(129,-29),(127.5,-30)"
Maurice,SH5208,"(132,-29),(130.5,-30)"
McDills,SG5307,"(136.5,-25),(135,-26)"
Mckinlay,SF5407,"(142.5,-21),(141,-22)"
McLarty Hills,SE5115,"(124.5,-19),(123,-20)"
Medusa Banks,SD5210,"(129,-14),(127.5,-15)"
Melbourne,SJ5505,"(145.5,-37),(144,-38)"
Menindee,SI5403,"(142.5,-32),(141,-33)"
Menzies,SH5105,"(121.5,-29),(120,-30)"
Mildura,SI5411,"(142.5,-34),(141,-35)"
Milingimbi SP,SD5302,"(135,-12),(133.5,-13)"
Millungera,SE5415,"(142.5,-19),(141,-20)"
Milparinka,SH5407,"(142.5,-29),(141,-30)"
Minigwal,SH5107,"(124.5,-29),(123,-30)"
Minilya SP,SF4916,"(114,-23),(112.5,-24)"
Mitchell,SG5511,"(148.5,-26),(147,-27)"
Monkey Mia SP,SG4916,"(114,-27),(112.5,-28)"
Montague Sound SP,SD5112,"(126,-14),(124.5,-15)"
Monto,SG5601,"(151.5,-24),(150,-25)"
Moora,SH5010,"(117,-30),(115.5,-31)"
Moree,SH5508,"(150,-29),(148.5,-30)"
Mornington Island SP,SE5401,"(139.5,-15),(138,-17)"
Morris,SF5116,"(126,-23),(124.5,-24)"
Mossman,SE5501,"(145.5,-15),(144,-17)"
Mouhnt Egerton,SG5003,"(118.5,-24),(117,-25)"
Moun t Bruce,SF5011,"(118.5,-22),(117,-23)"
Mount Anderson,SE5111,"(124.5,-18),(123,-19)"
Mount Bannerman,SE5213,"(127.5,-19),(126,-20)"
Mount Barker SP,SI5011,"(118.5,-34),(117,-35)"
Mount Coolon,SF5507,"(148.5,-21),(147,-22)"
Mount Doreen,SF5212,"(132,-22),(130.5,-23)"
Mount Drummond,SE5312,"(138,-18),(136.5,-19)"
Mount Elizabeth,SE5201,"(127.5,-15),(126,-17)"
Mount Evelyn,SD5305,"(133.5,-13),(132,-14)"
Mount Liebig,SF5216,"(132,-23),(130.5,-24)"
Mount Marumba,SD5306,"(135,-13),(133.5,-14)"
Mount Peake,SF5305,"(133.5,-21),(132,-22)"
Mount Phillips,SG5002,"(117,-24),(115.5,-25)"
Mount Ramsay,SE5209,"(127.5,-18),(126,-19)"
Mount Rennie,SF5215,"(130.5,-23),(129,-24)"
Mount Solitaire,SF5204,"(132,-20),(130.5,-21)"
Mount Theo,SF5208,"(132,-21),(130.5,-22)"
Mount Whelan,SF5413,"(139.5,-23),(138,-24)"
Mount Young,SD5315,"(136.5,-15),(135,-15)"
Mt Isa,SF5401,"(139.5,-20),(138,-21)"
Mundubbera,SG5605,"(151.5,-25),(150,-26)"
Munro,SE5114,"(123,-19),(121.5,-20)"
Murgoo,SG5014,"(117,-27),(115.5,-28)"
Murloocoppie,SH5302,"(135,-28),(133.5,-29)"
Muttaburra,SF5509,"(145.5,-22),(144,-23)"
Nabberu,SG5105,"(121.5,-25),(120,-26)"
Napperby,SF5309,"(133.5,-22),(132,-23)"
Naracoorte,SJ5402,"(141,-36),(139.5,-37)"
Naretha,SH5116,"(126,-31),(124.5,-32)"
Narrabri,SH5512,"(150,-30),(148.5,-31)"
Narrandera,SI5510,"(147,-34),(145.5,-35)"
Narromine,SI5503,"(148.5,-32),(147,-33)"
Neale,SH5104,"(126,-28),(124.5,-29)"
Newcastle,SI5602,"(153,-32),(151.5,-33)"
Newcastle Waters,SE5305,"(133.5,-17),(132,-18)"
Newdegate,SI5008,"(120,-33),(118.5,-34)"
Newman,SF5016,"(120,-23),(118.5,-24)"
Ninghan,SH5007,"(118.5,-29),(117,-30)"
Noolyeana,SG5316,"(138,-27),(136.5,-28)"
Noonkanbah,SE5112,"(126,-18),(124.5,-19)"
Noorina,SH5203,"(130.5,-28),(129,-29)"
Normanton,SE5407,"(142.5,-17),(141,-18)"
Norseman,SI5102,"(123,-32),(121.5,-33)"
Nullagine,SF5105,"(121.5,-21),(120,-22)"
Nullarbor,SH5216,"(132,-31),(130.5,-32)"
Nuyts,SI5301,"(133.5,-32),(132,-33)"
Nymagee,SI5502,"(147,-32),(145.5,-33)"
Nyngan,SH5515,"(148.5,-31),(147,-32)"
Olary,SI5402,"(141,-32),(139.5,-33)"
Onslow,SF5005,"(115.5,-21),(114,-22)"
Oodnadatta,SG5315,"(136.5,-27),(135,-28)"
Ooldea,SH5212,"(132,-30),(130.5,-31)"
Orford Bay,SC5416,"(144,-11),(142.5,-12)"
Orroroo,SI5401,"(139.5,-32),(138,-33)"
Ouyen,SI5415,"(142.5,-35),(141,-36)"
Pandie Pandie,SG5409,"(139.5,-26),(138,-27)"
Parachilna,SH5413,"(139.5,-31),(138,-32)"
Paterson Range,SF5106,"(123,-21),(121.5,-22)"
Peak Hill,SG5008,"(120,-25),(118.5,-26)"
Pender,SE5102,"(123,-15),(121.5,-17)"
Penola SP,SJ5406,"(141,-37),(139.5,-38)"
Percival,SF5108,"(126,-21),(124.5,-22)"
Percy Isles,SF5605,"(151.5,-21),(150,-22)"
Perenjori,SH5006,"(117,-29),(115.5,-30)"
Permberton SP,SI5010,"(117,-34),(115.5,-35)"
Perth SP,SH5014,"(117,-31),(115.5,-32)"
Petermann Ranges,SG5207,"(130.5,-25),(129,-26)"
Pine Creek,SD5208,"(132,-13),(130.5,-14)"
Pinjarra,SI5002,"(117,-32),(115.5,-33)"
Pinnaroo,SI5414,"(141,-35),(139.5,-36)"
Plumridge,SH5108,"(126,-29),(124.5,-30)"
Poolowanna,SG5312,"(138,-26),(136.5,-27)"
Pooncarie,SI5408,"(144,-33),(142.5,-34)"
Port Augusta,SI5304,"(138,-32),(136.5,-33)"
Port Clinton,SF5609,"(151.5,-22),(150,-23)"
Port Hedland SP,SF5004,"(120,-20),(118.5,-21)"
Port Keyts,SD5211,"(130.5,-14),(129,-15)"
Port Phillip SP,SJ5509,"(145.5,-38),(144,-39)"
Prince Regent,SD5116,"(126,-15),(124.5,-15)"
Proserpine,SF5504,"(150,-20),(148.5,-21)"
Pyramid,SF5007,"(118.5,-21),(117,-22)"
Quilpie,SG5509,"(145.5,-26),(144,-27)"
Ranken,SE5316,"(138,-19),(136.5,-20)"
Rason,SH5103,"(124.5,-28),(123,-29)"
Ravensthorpe,SI5105,"(121.5,-33),(120,-34)"
Rawlinson,SG5202,"(129,-24),(127.5,-25)"
Red River,SE5408,"(144,-17),(142.5,-18)"
Renmark,SI5410,"(141,-34),(139.5,-35)"
Richmond,SF5404,"(144,-20),(142.5,-21)"
Robert,SG5111,"(124.5,-26),(123,-27)"
Robertson,SF5113,"(121.5,-23),(120,-24)"
Robinson Ranges,SG5007,"(118.5,-25),(117,-26)"
Robinson River SP,SE5304,"(138,-15),(136.5,-17)"
Rockhampton,SF5613,"(151.5,-23),(150,-24)"
Rodinga,SG5302,"(135,-24),(133.5,-25)"
Roebourne,SF5003,"(118.5,-20),(117,-21)"
Roma,SG5512,"(150,-26),(148.5,-27)"
Roper River,SD5311,"(136.5,-14),(135,-15)"
Roy Hill,SF5012,"(120,-22),(118.5,-23)"
Rudall,SF5110,"(123,-22),(121.5,-23)"
Runton,SF5115,"(124.5,-23),(123,-24)"
Rutland Plains,SD5415,"(142.5,-15),(141,-15)"
Ryan,SF5213,"(127.5,-23),(126,-24)"
Sahara,SF5107,"(124.5,-21),(123,-22)"
Sandover River,SF5308,"(138,-21),(136.5,-22)"
Sandstone,SG5016,"(120,-27),(118.5,-28)"
Scott,SG5206,"(129,-25),(127.5,-26)"
Seemore,SH5112,"(126,-30),(124.5,-31)"
Simpson Desert North,SG5304,"(138,-24),(136.5,-25)"
Simpson Desert South,SG5308,"(138,-25),(136.5,-26)"
Singleton,SI5601,"(151.5,-32),(150,-33)"
Sir Samuel,SG5113,"(121.5,-27),(120,-28)"
South Lake Woods,SE5309,"(133.5,-18),(132,-19)"
Southern Cross,SH5016,"(120,-31),(118.5,-32)"
Springsure,SG5503,"(148.5,-24),(147,-25)"
Springvale,SF5414,"(141,-23),(139.5,-24)"
St Arnaud,SJ5404,"(144,-36),(142.5,-37)"
St George,SH5504,"(150,-28),(148.5,-29)"
St Lawrence,SF5512,"(150,-22),(148.5,-23)"
Stanley,SG5106,"(123,-25),(121.5,-26)"
Stansmore,SF5206,"(129,-21),(127.5,-22)"
Streaky Bay,SI5302,"(135,-32),(133.5,-33)"
Strzelecki,SH5402,"(141,-28),(139.5,-29)"
Surat,SG5516,"(150,-27),(148.5,-28)"
Swan Hill,SI5416,"(144,-35),(142.5,-36)"
Sydney SP,SI5605,"(151.5,-33),(150,-34)"
Tabletop,SF5111,"(124.5,-22),(123,-23)"
Talbot,SG5209,"(127.5,-26),(126,-27)"
Tallangatta,SJ5503,"(148.5,-36),(147,-37)"
Tallaringa,SH5305,"(133.5,-29),(132,-30)"
Tambo,SG5502,"(147,-24),(145.5,-25)"
Tamworth,SH5613,"(151.5,-31),(150,-32)"
Tanami,SE5215,"(130.5,-19),(129,-20)"
Tanami East,SE5216,"(132,-19),(130.5,-20)"
Tangorin,SF5505,"(145.5,-21),(144,-22)"
Tanumbirini,SE5302,"(135,-15),(133.5,-17)"
Tarcoola,SH5310,"(135,-30),(133.5,-31)"
Taroom,SG5508,"(150,-25),(148.5,-26)"
Tasmania North East,SK5503,"(148.5,-40),(147,-41)"
Tasmania North West,SK5502,"(147,-40),(145.5,-41)"
Tasmania South East,SK5507,"(148.5,-41),(147,-42)"
Tasmania South West,SK5506,"(147,-41),(145.5,-42)"
Tennant Creek,SE5314,"(135,-19),(133.5,-20)"
Thargominda,SG5416,"(144,-27),(142.5,-28)"
The Granites,SF5203,"(130.5,-20),(129,-21)"
Throssell,SG5115,"(124.5,-27),(123,-28)"
Thursday Island,SC5411,"(142.5,-10),(141,-11)"
Tickalara,SH5403,"(142.5,-28),(141,-29)"
Tiwi Islands SP,SC5216,"(132,-11),(130.5,-12)"
Tobermorey,SF5312,"(138,-22),(136.5,-23)"
Toompine,SG5513,"(145.5,-27),(144,-28)"
Torrens,SH5316,"(138,-31),(136.5,-32)"
Townsville,SE5514,"(147,-19),(145.5,-20)"
Trainor,SG5102,"(123,-24),(121.5,-25)"
Turee Creek,SF5015,"(118.5,-23),(117,-24)"
Uluru/Ayers Rock,SG5208,"(132,-25),(130.5,-26)"
Ural,SF5112,"(126,-22),(124.5,-23)"
Urandangi,SF5405,"(139.5,-21),(138,-22)"
Urapunga,SD5310,"(135,-14),(133.5,-15)"
Urisino,SH5408,"(144,-29),(142.5,-30)"
Vernon,SH5201,"(127.5,-28),(126,-29)"
Victoria River Downs,SE5204,"(132,-15),(130.5,-17)"
Wagga Wagga,SI5515,"(148.5,-35),(147,-36)"
Waigen,SG5214,"(129,-27),(127.5,-28)"
Walgett,SH5511,"(148.5,-30),(147,-31)"
Walhallow,SE5307,"(136.5,-17),(135,-18)"
Walsh,SE5404,"(144,-15),(142.5,-17)"
Wangaratta,SJ5502,"(147,-36),(145.5,-37)"
Wanna,SH5202,"(129,-28),(127.5,-29)"
Warbuton,SJ5506,"(147,-37),(145.5,-38)"
Warragul SP,SJ5510,"(147,-38),(145.5,-39)"
Warri,SG5104,"(126,-24),(124.5,-25)"
Warrina,SH5303,"(136.5,-28),(135,-29)"
Warwick,SH5602,"(153,-28),(151.5,-29)"
Waterloo,SE5203,"(130.5,-15),(129,-17)"
Wave Hill,SE5208,"(132,-17),(130.5,-18)"
Webb,SF5210,"(129,-22),(127.5,-23)"
Weipa SP,SD5403,"(142.5,-12),(141,-13)"
Wells,SH5204,"(132,-28),(130.5,-29)"
Wessel Islands SP,SC5316,"(138,-11),(136.5,-12)"
Westmoreland,SE5405,"(139.5,-17),(138,-18)"
Westwood,SG5116,"(126,-27),(124.5,-28)"
White Cliffs,SH5412,"(144,-30),(142.5,-31)"
Whyalla,SI5308,"(138,-33),(136.5,-34)"
Widgiemooltha,SH5114,"(123,-31),(121.5,-32)"
Wilcannia,SH5416,"(144,-31),(142.5,-32)"
Wilson,SF5209,"(127.5,-22),(126,-23)"
Wiluna,SG5109,"(121.5,-26),(120,-27)"
Windorah,SG5408,"(144,-25),(142.5,-26)"
Winnecke Creek,SE5212,"(132,-18),(130.5,-19)"
Winning Pool,SF5013,"(115.5,-23),(114,-24)"
Wintinna,SG5314,"(135,-27),(133.5,-28)"
Winton,SF5412,"(144,-22),(142.5,-23)"
Wollongong SP,SI5609,"(151.5,-34),(150,-35)"
Woodroffe,SG5212,"(132,-26),(130.5,-27)"
Wooramel,SG5005,"(115.5,-25),(114,-26)"
Wyandra,SG5514,"(147,-27),(145.5,-28)"
Wyloo,SF5010,"(117,-22),(115.5,-23)"
Wyola,SH5207,"(130.5,-29),(129,-30)"
Yalgoo,SH5002,"(117,-28),(115.5,-29)"
Yampi,SE5103,"(124.5,-15),(123,-17)"
Yanrey SP,SF5009,"(115.5,-22),(114,-23)"
Yantabulla,SH5505,"(145.5,-29),(144,-30)"
Yardea,SI5303,"(136.5,-32),(135,-33)"
Yaringa,SG5009,"(115.5,-26),(114,-27)"
Yarraloola,SF5006,"(117,-21),(115.5,-22)"
Yarrie,SF5101,"(121.5,-20),(120,-21)"
Yorke Peninsula SP,SI5312,"(138,-34),(136.5,-35)"
Youanmi,SH5004,"(120,-28),(118.5,-29)"
Yowalga,SG5112,"(126,-26),(124.5,-27)"
Zanthus,SH5115,"(124.5,-31),(123,-32)"
